INSERT INTO Manager VALUES("12345","Richard","123, Walnut street, Bloomington, IN 47404");
INSERT INTO Manager VALUES("12346","Alex","515 W, Patterson drive, Bloomington, IN 47403");
INSERT INTO Manager VALUES("12347","London","107 S, Indiana Avenue, Bloomington, IN 47405");

INSERT INTO Ingredients VALUES("234","Hummus","2022-02-15","2022-06-25","5");
INSERT INTO Ingredients VALUES("235","Marinara Sauce","2022-03-20","2023-03-20","3");
INSERT INTO Ingredients VALUES("236","Cheddar Cheese","2022-02-04","2022-06-02","6");
INSERT INTO Ingredients VALUES("237","Mozzarella Cheese","2022-03-04","2022-05-25","3");
INSERT INTO Ingredients VALUES("238","Canola oil","2022-01-26","2023-02-19","7");
Insert INTO Ingredients VALUES(239,"Bread","2022-05-01","2022-05-10","5");
Insert INTO Ingredients VALUES(240,"BlackBean","2022-03-26","2022-09-26","8");

INSERT INTO Customer VALUES("9123456","Joey","123, Walnut street, Bloomington, IN 47404");
INSERT INTO Customer VALUES("9123457","Rachel","1320 E 10th St, Bloomington, IN 47405");
INSERT INTO Customer VALUES("9123458","Monica","900 E.Seventh Street,Bloomington, IN 47405");
INSERT INTO Customer VALUES("9123459","Ross","919 E 10th St, Bloomington, IN 47408");
INSERT INTO Customer VALUES("9123410","Chandler","3595 N Headley Rd, Bloomington, IN 47408");
INSERT INTO Customer VALUES("9123411","Pheobe","1275 E 10th St, Bloomington, IN 47405");
INSERT INTO Customer VALUES("9123412","Gunther","400 E 7th St, Bloomington, IN 47405");

INSERT INTO ManagerPhone VALUES("8126061234",12345);
INSERT INTO ManagerPhone VALUES("8126063456",12345);
INSERT INTO ManagerPhone VALUES("8126061289",12346);
INSERT INTO ManagerPhone VALUES("8125053576",12346);
INSERT INTO ManagerPhone VALUES("8126069832",12347);

INSERT INTO Chef VALUES("30456","Roxy","8:00:23","17:00:05");
INSERT INTO Chef VALUES("30457","Kaylee","9:30:00","19:30:45");
INSERT INTO Chef VALUES("30458","Bill","8:00:01","17:30:00");
INSERT INTO Chef VALUES("30459","Mark","7:30:33","16:00:03");
INSERT INTO Chef VALUES("30460","Gordon","10:00:20","5:01:20");
INSERT INTO Chef VALUES("30461","Karla","9:02:45","19:00:50");

INSERT INTO ChefPhone VALUES("3124809656",30456);
INSERT INTO ChefPhone VALUES("8126068457",30457);
INSERT INTO ChefPhone VALUES("8126069218",30458);
INSERT INTO ChefPhone VALUES("6282351129",30458);
INSERT INTO ChefPhone VALUES("8126062311",30459);
INSERT INTO ChefPhone VALUES("8126066782",30460);
INSERT INTO ChefPhone VALUES("3127761453",30460);
INSERT INTO ChefPhone VALUES("8126069124",30461);

INSERT INTO Instructs VALUES("12345","30456");
INSERT INTO Instructs VALUES("12345","30457");
INSERT INTO Instructs VALUES("12345","30458");
INSERT INTO Instructs VALUES("12346","30457");
INSERT INTO Instructs VALUES("12346","30458");
INSERT INTO Instructs VALUES("12346","30459");
INSERT INTO Instructs VALUES("12347","30458");
INSERT INTO Instructs VALUES("12347","30459");
INSERT INTO Instructs VALUES("12347","30460");
INSERT INTO Instructs VALUES("12347","30461");

INSERT INTO CustomerPhone VALUES("8126061051","9123456");
INSERT INTO CustomerPhone VALUES("8126061062","9123457");
INSERT INTO CustomerPhone VALUES("8126061073","9123457");
INSERT INTO CustomerPhone VALUES("8126061084","9123458");
INSERT INTO CustomerPhone VALUES("8126061095","9123459");
INSERT INTO CustomerPhone VALUES("8126061106","9123410");
INSERT INTO CustomerPhone VALUES("8126061117","9123410");
INSERT INTO CustomerPhone VALUES("8126061128","9123411");
INSERT INTO CustomerPhone VALUES("8126061139","9123412");
INSERT INTO CustomerPhone VALUES("8126061141","9123412");

INSERT INTO Requires VALUES("30456","240");
INSERT INTO Requires VALUES("30456","239");
INSERT INTO Requires VALUES("30456","234");
INSERT INTO Requires VALUES("30458","239");
INSERT INTO Requires VALUES("30458","240");
INSERT INTO Requires VALUES("30456","234");
INSERT INTO Requires VALUES("30460","239");
INSERT INTO Requires VALUES("30460","236");
INSERT INTO Requires VALUES("30460","237");
INSERT INTO Requires VALUES("30461","235");
INSERT INTO Requires VALUES("30458","238");
INSERT INTO Requires VALUES("30458","239");

INSERT INTO Meal VALUES(1,"Black Bean Sandwich", 15);
INSERT INTO Meal VALUES(2,"Grilled Cheese Sandwich", 8);
INSERT INTO Meal VALUES(3,"Black Bean Panini", 14);
INSERT INTO Meal VALUES(4,"Cheese Panini", 10);
INSERT INTO Meal VALUES(5,"Cheesy Croutons", 4);

INSERT INTO Waiter VALUES('20','Alex','107 S Indiana Ave, Bloomington, IN 47405','500');
INSERT INTO Waiter VALUES('21','Tam','900 E 7th St, Bloomington, IN 47405','550');
INSERT INTO Waiter VALUES('22','Rachel','400 E 7th St, Bloomington, IN 47405','500');
INSERT INTO Waiter VALUES('23','London','1320 E 10th St, Bloomington, IN 47405','400');

INSERT INTO ConsistsOf VALUES(90,1,"1");
INSERT INTO ConsistsOf VALUES(90,2,"1");
INSERT INTO ConsistsOf VALUES(91,2,"1");
INSERT INTO ConsistsOf VALUES(92,3,"1");
INSERT INTO ConsistsOf VALUES(93,4,"2");
INSERT INTO ConsistsOf VALUES(94,5,"1");
INSERT INTO ConsistsOf VALUES(95,2,"1");
INSERT INTO ConsistsOf VALUES(96,3,"3");
INSERT INTO ConsistsOf VALUES(97,1,"1");
INSERT INTO ConsistsOf VALUES(98,4,"2");
INSERT INTO ConsistsOf VALUES(99,1,"1");
INSERT INTO ConsistsOf VALUES(99,5,"1");
INSERT INTO ConsistsOf VALUES(100,3,"1");

INSERT INTO Payment VALUES('10150','26','2022-05-02','card',90);
INSERT INTO Payment VALUES('10151','11','2022-05-02','card',91);
INSERT INTO Payment VALUES('10152','17','2022-05-02','card',92);
INSERT INTO Payment VALUES('10153','23','2022-05-02','card',93);
INSERT INTO Payment VALUES('10154','7','2022-05-02','card',94);
INSERT INTO Payment VALUES('10155','11','2022-05-02','cash',95);
INSERT INTO Payment VALUES('10156','45','2022-05-02','cash',96);
INSERT INTO Payment VALUES('10157','18','2022-05-02','cash',97);
INSERT INTO Payment VALUES('10158','23','2022-05-03','cash',98);
INSERT INTO Payment VALUES('10159','22','2022-05-03','cash',99);
INSERT INTO Payment VALUES('10160','17','2022-05-03','card',100);
